id,target,sequence
sequence_63,0,AAARIRHEGVFLLIGNSCFSLPRNGPQLLLLAW
sequence_217,0,AAPEPVARR
sequence_273,0,AASAAIANR
sequence_1348,0,AGYLLGKINLKALAALAKKIL
sequence_1657,0,ALADLPVTV
sequence_1916,0,AMASTEGNV
sequence_1932,0,AMEDLVRAY
sequence_1979,0,AMLGHAGDM
sequence_2081,0,ANNTRLWVY
sequence_2124,0,ANTMAMMAR
sequence_2230,0,APKGVQGPNG
sequence_3252,0,ATLHLVLRLRGG
sequence_3426,0,AVAGEKLWLLPHLLKMLLTPTP
sequence_3427,0,AVALGLASPADAAAGTMYGD
sequence_3620,0,AYQGVQQKW
sequence_3952,0,CLLKKLLKK
sequence_3953,0,CLLKKLLKKC
sequence_3959,0,CNGKRVCVCR
sequence_4170,0,DAACAAHCLFR
sequence_4391,0,DEPDAERFEAAVEADHI
sequence_5771,0,DTHFPICIFCCGCCHRSKCGMCCKT
sequence_6497,0,EFAGAGFVRAGAL
sequence_6884,0,ELAAIRHR
sequence_6936,0,ELNNALQNL
sequence_6937,0,ELNNALQNLART
sequence_7325,0,ESTYQGHHTPPVQKGLRYGIILFITSEVFFFAGFF
sequence_7490,0,EVEPSDTIENVKAKIQ
sequence_8433,0,FFIYVWRRR
sequence_8434,0,FFLLSLIPSAISAIKKI
sequence_8497,0,FIKWKFRWWKWRK
sequence_8505,0,FIYAGSLSA
sequence_8506,0,FKCKKWQWKMKKLG
sequence_8510,0,FKCRRWQWRMKKLG
sequence_8707,0,FLTSELPQW
sequence_8823,0,FRCRRWQWRMRRLG
sequence_8920,0,FVYGNGVTSILVQAQFLVNGQRRFFYTPDK
sequence_8921,0,FWGALAKGALKLIGPGSLFSSFSKKD
sequence_8922,0,FWGALAKGALKLIGSLFSSFSKKD
sequence_8923,0,FWGALAKGALKLIPSLFSSFSKKD
sequence_8925,0,FWGFLGKLAMKAVPSLIGGNKK
sequence_8926,0,FWGFLGKLAMKAVPSLIGGNKSSSK
sequence_8928,0,FWGLKGLKGPGKFSKKL
sequence_8929,0,FWGLKGLKKFSKKL
sequence_10338,0,GFGCPLNQGACHRHCRSIRRRGGYCSGIIKQTCY
sequence_11367,0,GIGAVLKVLTTGLPALISWIKRKRQQ
sequence_11383,0,GIGKFLHSAKKFGKAFVGEIMNS
sequence_11388,0,GIGKFLKSKGKFGKA
sequence_11617,0,GKKKKSVQWCA
sequence_12015,0,GLLKFIKKLL
sequence_12016,0,GLLKRIKTLL
sequence_12025,0,GLLRKGGEKIGEKLKKIGQKIKNFFQKLVPQPEQ
sequence_12703,0,GNNKPVYIPRPRPPHPRLV
sequence_12707,0,GNNRPVYIPQPRPPHPRI
sequence_12709,0,GNNRPVYIPRPRPPHPRL
sequence_14329,0,GRRRRSVQWCA
sequence_17294,0,GVENVSW
sequence_17441,0,GWGSFFKKAAHVGKHVGKAALTHYL
sequence_17507,0,GYPWWDYRDLFGGHTFI
sequence_17508,0,GYPWWDYRDLFGGHTFISP
sequence_17543,0,HAMSSTHEA
sequence_18369,0,HQFRFRFRVRRK
sequence_18555,0,IFSAIAGLLSNLL
sequence_18749,0,ILLKKLLKKI
sequence_18767,0,ILPWKWRWWKWRR
sequence_18771,0,ILRWKWRWWRWRR
sequence_18775,0,ILSLRWRWKWWKK
sequence_18784,0,IMYNYPAML
sequence_18816,0,INWLKLGKMVIDAL
sequence_18915,0,IRMRIRVLL
sequence_19156,0,IVLVRRWPK
sequence_19175,0,IYAGSLSAL
sequence_19296,0,KEFKRIVKRIKKFLRKL
sequence_19297,0,KEFKRIVKRIKKFLRKLV
sequence_19298,0,KEFKRIVQRIKDFLRNLV
sequence_19560,0,KFKWWRMLI
sequence_19698,0,KILRGVCKKIMRTFLRRISKDILTGKK
sequence_19710,0,KIWWWWRKR
sequence_19712,0,KKALAHALKKWLPALKKLAHALAKK
sequence_19764,0,KKLALALAKKWLALAKKLALALAKK
sequence_19765,0,KKLALALAKKWLPLAKKLALALAKK
sequence_19766,0,KKLALHALKKWLHALKKLAHLALKK
sequence_19767,0,KKLALLALKKWLLALKKLALLALKK
sequence_19768,0,KKLALLALKKWLPALKKLALLALKK
sequence_19772,0,KKLLFKLKFK
sequence_19802,0,KKVVFKFKFK
sequence_19803,0,KKVVFKVKFK
sequence_19814,0,KKVVPKVKFK
sequence_19815,0,KKVVVKVKFK
sequence_19851,0,KLLKFIKKLL
sequence_19884,0,KLVANNTRL
sequence_19895,0,KMHATNH
sequence_19896,0,KMHATNHGGGS
sequence_20144,0,KRKKRFKWW
sequence_20149,0,KRLFKKLLFSLRKY
sequence_20163,0,KRRWRIWLV
sequence_20170,0,KRWWKWIRW
sequence_20171,0,KRWWKWWRR
sequence_20172,0,KRWWRKWWR
sequence_20173,0,KRWWWWRFR
sequence_20241,0,KTCENLADTY
sequence_20259,0,KTLTGKTITLE
sequence_20374,0,KWKLFKKIGAVLKVL
sequence_20378,0,KWKLFKKIGIGAVLKVLTTGLPALIS
sequence_20387,0,KWKSFIKKLTSAAKKVVTTAKPLISS
sequence_20388,0,KWKSFLKTFKSAKKTVLHTALKAISS
sequence_20389,0,KWKSFLKTFKSAKKTVLHTLLKAISS
sequence_20390,0,KWKSFLKTFKSLKKTKLHTLLKLISS
sequence_20391,0,KWKSFLKTFKSLKKTVLHTLLKAISS
sequence_20392,0,KWKSFLKTFKSLKKTVLHTLLKLISS
sequence_20394,0,KWKWWWRKI
sequence_20402,0,KYIAADRKI
sequence_20403,0,KYIFPGGLL
sequence_20748,0,LKRRWKWWI
sequence_20765,0,LLDEGKQSL
sequence_20785,0,LLGDFFRKSKEKIGKEFKRIVQRIKDFLRN
sequence_20797,0,LLIILRRRIRKQAHAHSK
sequence_20800,0,LLKKLLKK
sequence_20801,0,LLKKLLKKC
sequence_20802,0,LLKKLLKKM
sequence_20905,0,LPFFLLSLIPSAISAIKKI
sequence_20945,0,LPQWLSANR
sequence_21060,0,LRFILWWKR
sequence_21081,0,LRRWIRIRW
sequence_21262,0,LVRAYHAMS
sequence_21287,0,LVYGDVIMR
sequence_40418,0,MLGHAGDMA
sequence_40710,0,MLLKKLLKK
sequence_40711,0,MLLKKLLKKM
sequence_56026,0,NDAACAAHCLFRGRSGG
sequence_56142,0,NGKRVCVCR
sequence_56571,0,NVTSIHSLL
sequence_56580,0,NWRKLYRRK
sequence_57090,0,PLLKKLLKKP
sequence_57426,0,PRVIETKVHGREVTGLARNVSEENVDRLAKRWIK
sequence_57584,0,PYNLRYRVL
sequence_57977,0,QIMYNYPAM
sequence_58454,0,QRSVSNAATRVCRTGRSRW
sequence_58797,0,QTYKWETFL
sequence_59709,0,RAGLQFPVGRVHRLLRK
sequence_59835,0,RFGEPGGRE
sequence_59953,0,RIKRWWWWR
sequence_59963,0,RIRRWKFRW
sequence_59979,0,RIWVIWRR
sequence_59986,0,RKDVY
sequence_59987,0,RKDVYRRRRRR
sequence_59995,0,RKFRWWVIR
sequence_60036,0,RKSAKKIGKRAKR
sequence_60042,0,RKSKEKIGKEFKRIVQRIKDFLRNLVPRTES
sequence_60050,0,RKWKIKWYW
sequence_60065,0,RLGRLVSLHTLG
sequence_60073,0,RLKRWWKFL
sequence_60078,0,RLLKFIKKLL
sequence_60092,0,RLRRIVVIRVFR
sequence_60099,0,RLWRIVVIRVKR
sequence_60100,0,RLWWKIWLK
sequence_60101,0,RLWWWWRRK
sequence_60119,0,RMWELYLAY
sequence_60199,0,RQIKIWFQNRRMKWKK
sequence_60208,0,RQRRVVIWW
sequence_60261,0,RRRIKIRWY
sequence_60267,0,RRRRRR
sequence_60268,0,RRRRRRRKDVY
sequence_60286,0,RRRWWKLMM
sequence_60302,0,RRWKIVVIRWRR
sequence_60303,0,RRWRIVVIRVRR
sequence_60304,0,RRWRVIVKW
sequence_60307,0,RRWWKWWWR
sequence_60309,0,RRWWRWVVW
sequence_60310,0,RRYHWRIYI
sequence_60331,0,RSGGYCNGKRVCVCR
sequence_60434,0,RTISEAGQAM
sequence_60440,0,RTKKWIVWI
sequence_60522,0,RWRRKWWWW
sequence_60523,0,RWRWWWRVY
sequence_60526,0,RWWIRIRWH
sequence_60527,0,RWWRKIWKW
sequence_60528,0,RWWRWRKWW
sequence_60625,0,SALHLVLRLRGG
sequence_60689,0,SARLAGIPY
sequence_60913,0,SEAYQGVQQ
sequence_60914,0,SEAYQGVQQK
sequence_60935,0,SEFAYGSFVRTVSLPV
sequence_60936,0,SEFAYGSFVRTVSLPVGADE
sequence_61292,0,SGSEAYQGVQQKWDA
sequence_61550,0,SIIIPTLNV
sequence_63928,0,STAHLVLRLRGG
sequence_63993,0,STLALVLRLRGG
sequence_63998,0,STLHAVLRLRGG
sequence_63999,0,STLHLALRLRGG
sequence_64000,0,STLHLVARLRGG
sequence_64001,0,STLHLVLALRGG
sequence_64002,0,STLHLVLRARGG
sequence_64003,0,STLHLVLRLAGG
sequence_64004,0,STLHLVLRLRAG
sequence_64005,0,STLHLVLRLRGA
sequence_64006,0,STLHLVLRLRGG
sequence_64131,0,SVFPQQTTGQLAELQPQDRAGARASWMPMFQRRRRR
sequence_64471,0,TATELNNAL
sequence_64806,0,TGMAALEQYLGSGHAVIVSI
sequence_65028,0,TKPKGTKPKGTKPKGTKPKG
sequence_65870,0,VCDKMKILRGVCKKIMRSFLRR
sequence_65871,0,VCDKMKILRGVCKKIMRTFLRR
sequence_65872,0,VCEHIHLIRGLCHHLMHSYIKR
sequence_65877,0,VCRTGRSRWRDVCRNFMRRYQSR
sequence_65878,0,VCRTGRSRWRDVNRNFMRRYQSR
sequence_65985,0,VEPIPY
sequence_66218,0,VLAGSVDEL
sequence_66478,0,VQLRIRVAVIRA
sequence_66501,0,VQRWLIVWRIRK
sequence_66516,0,VRLIVAVRIWRR
sequence_66523,0,VRLRIRVRVIRK
sequence_66578,0,VSNAATRVCRTGRSRWRDVCRNFMRRYQSR
sequence_66615,0,VTCDILSVEAKGVKL
sequence_66822,0,WFKMRWWGR
sequence_66824,0,WGAQLNAMK
sequence_66843,0,WKIVFWWRR
sequence_66847,0,WKWLKKWIK
sequence_66848,0,WKWRVRVTI
sequence_66854,0,WLLKKLLKKW
sequence_66889,0,WRKFWKYLK
sequence_66891,0,WRSLGRTLLRLSHALKPLARRSGW
sequence_66922,0,WYYQSGLSI
sequence_67360,0,YCNGKRVCVCR
sequence_67441,0,YGRKKRRQRRR
sequence_67468,0,YKFRWRIYI
sequence_67475,0,YKQCHKKGGKKGSG
sequence_67489,0,YLLDGLRAQ
sequence_67541,0,YPHHFKHRHIPI
sequence_67542,0,YPHHFKHRHIPIGGGS
sequence_67581,0,YRLRVKWKW
sequence_61335,1,SGSSGHGRQGTTHGQTGDTT
sequence_11715,1,GLDDLLEPVLNSADNLVHGL
sequence_6839,1,EKHCQTSGEKGYCHGTKCK
sequence_50,1,AAAGSCVWGAVNYTSDCAAE
sequence_60012,1,RKLKKSVKKRAKKFFKKPRVI
sequence_65022,1,TKLNSAACGAHCLALG
sequence_67440,1,YGRDDRSDVCRQVQHNWLV
sequence_3471,1,AVKNGLQKLRNQCQANNGQ
sequence_57093,1,PLNQGACHNHCRSIRRR
sequence_4038,1,CRWCCNCCKANKGCGFCC
sequence_59669,1,QWSNFPPKCIRECAMVSS
sequence_10285,1,GESCAMISFCFTEVIGCSCKNKVC
sequence_8679,1,FLRTFKSPVRTVFHT
sequence_14256,1,GRCNASAGPPYCCSSYCFQIA
sequence_21115,1,LSFEAKGIAVNHSAC
sequence_18705,1,IKSIASKVANTVQKLKRKAKNAV
sequence_19705,1,KISGKAIKNLFIKGAKNVGKR
sequence_9966,1,GCPGNQLKCNNHCKSISCRA
sequence_8516,1,FKKILKYLAGPAKFLHSAK
sequence_18676,1,IKEAAKTAGLMAMGFV
sequence_20337,1,KVPVGAIKKGGKAIKTGLGVVG
sequence_18561,1,IGAGKSAAQSVLKSLSCKIS
sequence_14703,1,GSGCIGQTVVGGWLGGAI
sequence_18559,1,IFTKIQGTYRGKAKC
sequence_19711,1,KKAAHVAKHVAKAALTH
sequence_18994,1,ITSCSMQNCGTGSCKKR
sequence_60305,1,RRWVRRVRRVWRRVVRVVRRWV
sequence_67497,1,YMCPVVSSFCKQHCARL
sequence_60507,1,RWCVYSYVRVRGVLVRYRRC
sequence_63726,1,SSIGSILGKFAKGGAQAFLQPK
sequence_6913,1,ELEALKGSITNFVQTA
sequence_1552,1,AKFLGKNLLKQGACYAACKASK
sequence_52529,1,MTDAGISGAIAGAVAGCA
sequence_20781,1,LLGDFFRKAKEKIGKEFKRIVQRIKDFLRNLVPR
sequence_17250,1,GTVKDLLIGAGKSAAQSVLTANSCKL
sequence_56355,1,NPGEYLAKYCFEPVILCCKPLSPTPTK
sequence_19792,1,KKSCHTGLKKSAGWVIPIGTLVKNGI
sequence_18961,1,ISRLAGLLRKGGEKIGEKLKKIGQKIKNFF
sequence_60231,1,RRGKPSGGSRGSKMGSKDSKGGWRGRPGS
sequence_57430,1,PRYDIGNVELSTAYRSFANQKAPGRLNQ
sequence_20293,1,KTYFPHFDLSHGSAQVKGHGAKVAAALTKAVE
sequence_18556,1,IFSKFAGRGLKNLFMKGAKKIGKEVGMDVLR
sequence_65053,1,TLASHLPSDFTPAVHASLDKFLANVSTVLTSK
sequence_4152,1,CVRGRCPSGMCCSQFGYCGKGPKYC
sequence_57015,1,PKIRYSDVKKLEMKPKYPHCEEKMVI
sequence_66030,1,VFDIIKGAGKQLIARAMGKIAEKVGLNKD
sequence_6255,1,EAKGFAANHSLCAAHCLAIGRKGGACQNGVCVCR
sequence_60751,1,SCSGTISPYGLRTCRATKTKPSHPTTKETHPQTLP
sequence_66250,1,VLNKSEYMCPVVSSFCKQHCARLGKS
sequence_66161,1,VIPCGESCVFIPCISTLLGCSCKNKVCYR
sequence_10168,1,GEENVSYKPFVVSWKYGVAGCFYTHC
sequence_4055,1,CSQQCKDREHFAYGGACHYQFPSVKCF
sequence_66184,1,VKGLFHAGRMIHGLVNRRRHRHGMEELDLD
sequence_28591,1,MDTAKNVAKNEAGNLLDNLKCKITKAC
sequence_18708,1,IKVNGKPCKGSGEKKCSGGWSCKFNVCV
sequence_3793,1,CEDVNGQCQPRGNPCLRLRGACPRGSRCCMPTVAA
sequence_1544,1,AKEGGKFG
sequence_20623,1,LFKVFGYT
sequence_20811,1,LLNTI
sequence_65693,1,TVKNAAK
sequence_18686,1,IKGAIH
sequence_8523,1,FKRIRRAGKR
sequence_60591,1,SAGCCS
sequence_58437,1,QRGRFGRF
sequence_57183,1,PPIVKDTLKKFFKGG
sequence_4070,1,CSVNWG
sequence_5837,1,DVIKK
sequence_60525,1,RWVQRWK
sequence_62210,1,SMFGAVLGVPA
sequence_20386,1,KWKSFIK
sequence_6851,1,EKLFSKIQN
sequence_66456,1,VQKLKRK
sequence_19600,1,KGLKF
sequence_59753,1,RCPKSWKCKA
sequence_57411,1,PRPLPFP
sequence_11585,1,GKIAKVA
sequence_1579,1,AKKCRCKIISG
sequence_20700,1,LINKTVNKEA
sequence_61085,1,SFLCL
sequence_8496,1,FIKKLTSAAKKV
sequence_20619,1,LFKKILKYLKFLHSA
sequence_20413,1,KYPLKVKL
sequence_1700,1,ALFKLASK
sequence_61811,1,SKVFPAVF
sequence_55999,1,NALVN
sequence_5307,1,DIVRGI
sequence_18568,1,IGKKFKRIVQRIK
sequence_1725,1,ALKTAGKHVAG
sequence_1633,1,AKTALLED
sequence_18621,1,IIGGGAASGGAVY
sequence_66200,1,VKPKTAKP
sequence_66784,1,VWRRVVRVV
sequence_18120,1,HLDDLPGAL
sequence_60901,1,SDYPK
sequence_14654,1,GSFFKN
sequence_11935,1,GLGFVA
sequence_18368,1,HQDCYEALHKCMA
sequence_66082,1,VGRVASKVVPSLISM
sequence_56751,1,PFPEVFGK
sequence_66598,1,VSSGWKWNYKI
sequence_20235,1,KSYKCLHKR
sequence_3935,1,CKIDKSC
sequence_67436,1,YGNGVHCTKSGCS
sequence_66511,1,VRGVG
sequence_11656,1,GKQLEDGRTLSDYN
sequence_56701,1,PEEEAA
sequence_60244,1,RRISKDI
sequence_59839,1,RFHSVGSLIQRL
sequence_19569,1,KFVGK
sequence_67418,1,YFPHFDLS
sequence_64905,1,TIGKLPKWI
sequence_56645,1,PAVGVVGQASSIM
sequence_4114,1,CTRGFC
sequence_20617,1,LFKKI
sequence_18431,1,HVGKTIHRLV
sequence_19149,1,IVGMGKQVVCGLSG
sequence_64505,1,TCCRAVIFRH
sequence_60461,1,RVAANVLP
sequence_19186,1,KAAHV
sequence_20328,1,KVLRHLR
sequence_60259,1,RRPRP
sequence_20401,1,KYGKP
sequence_19752,1,KKKKEVKMERK
sequence_66825,1,WGAVNYT
sequence_60495,1,RVSRTGRSRWRD
sequence_4036,1,CRRRGCASR
sequence_20633,1,LGALFKVA
sequence_20628,1,LFRKRIESLLQ
sequence_56312,1,NNHCKSISC
sequence_1543,1,AKEAGKTGLEL
sequence_16864,1,GSSIA
sequence_60087,1,RLPRPRPRPLPFPR
sequence_18669,1,IIQKLEDMVGPQ
sequence_56023,1,NCHQSHG
sequence_19753,1,KKKKKKKGIGKFLHS
sequence_57847,1,QFLIKAQT
sequence_57568,1,PVVIRTVVAGYNL
sequence_60014,1,RKNNYSGPQFT
sequence_8320,1,FAGLCF
sequence_12299,1,GMCCSQFGYCGKG
sequence_19558,1,KFKLK
sequence_66183,1,VKGGLKIIGGTA
sequence_57355,1,PQPRPPHPRL
sequence_20650,1,LGKVVKGAS
sequence_57415,1,PRRIYNN
sequence_20719,1,LKCKITGC
sequence_57068,1,PLGPAG
sequence_8536,1,FLDQIIRDFRNFIYQ
sequence_3932,1,CKEKEHLLSGRCRD
sequence_56438,1,NRRRHRHGMEELDLD
sequence_18554,1,IFRHERPE
sequence_20197,1,KSGSGSKR
sequence_67671,1,YYGNGVYCTKNKCT
sequence_66802,1,WASSIGSI
sequence_66070,1,VGMGKK
sequence_18914,1,IRKLK
sequence_8934,1,FYDLDLNVC
sequence_45490,1,MQPSPQACNSAMKN
sequence_1430,1,AIAKKKG
sequence_16586,1,GSQLVYREWVGHSNV
sequence_1705,1,ALGALFKVASKV
sequence_66372,1,VPDAIMAG
sequence_56876,1,PIKHQGLPQEVL
sequence_17580,1,HFGRCPSHLIKGSCS
sequence_65214,1,TPKIACKNGD
sequence_20713,1,LIWKLLSK
sequence_4037,1,CRSQEYRIGRCPN
sequence_61814,1,SKVLGVG
sequence_20651,1,LGLAL
sequence_18748,1,ILKRILIK
sequence_20745,1,LKNLGKVGLG
sequence_17558,1,HDSGYEVHHQKLV
sequence_56280,1,NLTKGGSKILTTGL
sequence_20315,1,KVFKLASKV
sequence_14269,1,GRGKQG
sequence_20618,1,LFKKILKY
sequence_61961,1,SLLSTASCKLAKT
sequence_18688,1,IKIAGKK
sequence_5463,1,DLSHGSAQVKGH
sequence_19854,1,KLLPSVFKLFQ
sequence_21116,1,LSFQEFLEQLRRF
sequence_59854,1,RFWPLVPVAINT
sequence_21059,1,LRESNCENVCK
sequence_61344,1,SGTISPYGLRTCRAT
sequence_60740,1,SCLPKEEQIGKCSTRGRKCCR
sequence_12018,1,GLLLDTVKGAAKNVAGILLNKLKCK
sequence_60748,1,SCRKIIQKLEDMVGPQPNEDT
sequence_57575,1,PWKLPATFRPVERPFSKP
sequence_9827,1,GAVNYTSDCAAECKRRGYKGGHCGSF
sequence_3846,1,CGESCVWIPCISTVIGCSCS
sequence_8932,1,FWPVVIRTVVAGYNLYRA
sequence_64077,1,STTARTARVPCAKKSNIYN
sequence_18569,1,IGSAFKKAAHVGKHVGKAA
sequence_59747,1,RCERRHRGDWQGKQRCLMEC
sequence_3960,1,CNGPWSEKDMHCHNHCKSIKGYKGGYCAK
sequence_4267,1,DCTNDRKNCCPGHECKCY
sequence_60084,1,RLPGTISREICAKKC
sequence_58086,1,QKIISTIGKLPK
sequence_58087,1,QKIKEFFQKLALEIE
sequence_12217,1,GLVTRRRHGVEELQ
sequence_10309,1,GFCWYVCVYRNGVRV
sequence_18570,1,IGTGDGAAQS
sequence_20292,1,KTYFPHFDLSHGS
sequence_1591,1,AKKVLTTALKPISS
sequence_56551,1,NVAVTLLDKL
sequence_12791,1,GPAKFLHSA
sequence_61999,1,SLQMGATAIKQVKKL
sequence_58403,1,QQRQPGSTVHGRLETTH
sequence_66107,1,VHASLDKF
sequence_2553,1,ARCRKKRSC
sequence_325,1,AAVCGLAGY
sequence_7260,1,ERVGQHTR
sequence_61199,1,SGILGAGKKIVCGLSG
sequence_10832,1,GGYCHGIFKQTCKCYK
sequence_19204,1,KAKGELPAKG
sequence_64414,1,TAFWGKVKVDEVGG
sequence_59964,1,RIRWILRYWRWS
sequence_60271,1,RRRRRRWWWRRRRR
sequence_21093,1,LRWWRKWW
sequence_5441,1,DLLSGTGANHSA
sequence_19632,1,KHIVCGLTGCA
sequence_56155,1,NHCKSIKGYKGGYCAK
sequence_56134,1,NGFDCKSP
sequence_17596,1,HGHICESFKSFCKDSG
sequence_67495,1,YLTTGLPALI
sequence_6827,1,EKCWVNKAENKQAI
sequence_179,1,AALRGCWTKSIPPKP
sequence_61353,1,SGVAGKTAKD
sequence_56875,1,PIIYCNRRSG
sequence_67585,1,YRWWRRRW
sequence_2596,1,ARLEAQMNRISYGEAITV
sequence_64989,1,TIVVKVERRFTHPVMKK
sequence_1194,1,AGHIRPDRFIVILNDNEMSISPN
sequence_58160,1,QLNYAQQLKERLEAFTQDFIP
sequence_8862,1,FSLHNGFGGNLYATEEKRMF
sequence_20699,1,LIKICGLTDEDGVDAAVEAG
sequence_8812,1,FQLVDWCDTLHFRRRDDGV
sequence_60904,1,SEACESLQDYCTKTSDPFIPGWSG
sequence_11733,1,GLEFNISENTDSFYS
sequence_2619,1,ARRGIAVAGAHGKTTTSA
sequence_60801,1,SDIELVADATADMGPAEMSLLVK
sequence_19002,1,IVAGVMTLSGLLLGRRVS
sequence_56313,1,NNIDDLAGALSKLSDLH
sequence_20844,1,LNKADLIDEQNAPALNA
sequence_11234,1,GHTGPVFTVSFSKGGELFASGGA
sequence_20576,1,LEIKHSIITEAVVCDES
sequence_67376,1,YDVNTGQLVESIIDTFEFPSLITTP
sequence_66787,1,VYEPTIFENYIHDIFVDGNSIEL
sequence_3440,1,AVEVAYALPEKQYLQRVTL
sequence_19250,1,KDIILHLIATYGVAFGTGY
sequence_2548,1,ARARRMGVATTHEGVIGLMN
sequence_6640,1,EIQAKGVHLVYLTLHVGLGTFRPVS
sequence_2557,1,ARDYFTYRDVLGFIYAQAK
sequence_61088,1,SFLLFGMALLYAESGSLSFV
sequence_20689,1,LHRCAFLVTACWTLTSLLAMTRT
sequence_61336,1,SGSSGNFTSGSQIHMSSITNT
sequence_19837,1,KLEAATGDVVEFDQVLMVSD
sequence_5810,1,DTRKSLVGSGDRSERIRTYN
sequence_57444,1,PSDPVVRVPDDTIPADDAFSL
sequence_56104,1,NFHLPRSTLVMLVAAFVG
sequence_60598,1,SAGNTGALMGLSRFTLKLLP
sequence_6867,1,EKRKDATEKAKKSLSINEFLKP
sequence_59695,1,RACADGDLREERVSLLCSN
sequence_66324,1,VNDSQPIPWFVRLRIAWEVASALVFLHKSKP
sequence_20840,1,LMVSHSVEDAARIATRSVVVADGRIAWQGK
sequence_20818,1,LLQLLECRLDNVVYRMGFGATRAESRQLVSHK
sequence_56373,1,NPRHSWSLPKALERVQQAESGVVILLHRTE
sequence_26660,1,MATKADYTLDEESRARIKTRLFTIRQEMASRGLW
sequence_66683,1,VTVQSLEIVRVDVERKLLLVKGSVPGATN
sequence_66654,1,VTPERTLFQDFIPKFVSLATSGDDFWACSSED
sequence_9123,1,GAKYFKLAGESYKNKDMKQAFFYLGLSLHYLGDVN
sequence_60443,1,RTMTDFHKRIEAADDKLIVLDFYAN
sequence_6250,1,EAILEVPKEAAKGLVYGIPHFLIGSVVNSFTGV
sequence_7312,1,ESSDVQIMLSAGNNGIEFELVSDVAKQFGD
sequence_11719,1,GLDSSQARLTCSLHSDLKDFAGKCSDAAK
sequence_4539,1,DIDAGNALVDRIKGVVKQTRRPEVM
sequence_61025,1,SERERKIISKHTKSIINQMLKDPIKQAKELSSD
sequence_8813,1,FQQEAPERASSVYTRSTGEQEISVGL
sequence_66568,1,VSIYLVNGIKLQGQIESFDQFVILLKNTVSQMVY
sequence_445,1,ADAYRRIRNTARFMLANLNGFDPAKDLL
sequence_11578,1,GKGISYCAICDAALYKGKTVGVVGGGNSAIQ
sequence_63882,1,SSTAAGSGLREAANATSAPASTSGQPGASTGSSGT
sequence_7128,1,EPGEFTRRAFLNDKLDLAQAEAVADLIEA
sequence_11717,1,GLDIIKFEKEIKNAIEKLHNNDIEV
sequence_57169,1,PPAQPSFLQRYSAPQPAALTADDLMTFLRAY
sequence_18492,1,IDDLVGGLAALSELHAFKLRVDPANFKILAHNVIVV
sequence_66173,1,VIVNQPLV
sequence_67346,1,YAEIWLDQEKVATTD
sequence_20861,1,LNTDDP
sequence_7255,1,ERSYETM
sequence_17590,1,HGFRTRSETVGG
sequence_18493,1,IDELFDEIPPA
sequence_58318,1,QPNSVPQCL
sequence_19605,1,KGNDLVLGSHM
sequence_56565,1,NVNPQSTLLL
sequence_57554,1,PVQEVIAELTNGG
sequence_7292,1,ESLVNWDPVDNTV
sequence_14811,1,GSGQV
sequence_18781,1,IMFGFCYLHHWKC
sequence_58543,1,QSDITALAGAT
sequence_56452,1,NSDPDGVDYI
sequence_4377,1,DEIIFASKADM
sequence_29825,1,MELEI
sequence_60076,1,RLLGD
sequence_20751,1,LKTVEVTVKGPGP
sequence_50232,1,MSLTKELTTLS
sequence_12674,1,GNCLLTYREYK
sequence_20285,1,KTVTAMDVVYAL
sequence_60540,1,RYSYGSNIALGAAA
sequence_66513,1,VRIYDGEEKIKF
sequence_66186,1,VKISLYKEPLMA
sequence_18580,1,IHAQVP
sequence_562,1,ADMKASED
sequence_5506,1,DNPNPVIYVD
sequence_65662,1,TVARL
sequence_60889,1,SDTEREEPT
sequence_20295,1,KVADNSGAKEIMC
sequence_55979,1,NAFLHHMVR
sequence_21092,1,LRWSWEAA
sequence_2017,1,AMVVAAER
sequence_3072,1,ATAIAHVCHNFNV
sequence_66638,1,VTGFD
sequence_18659,1,IIMDL
sequence_66368,1,VPADDLTDPAPATTF
sequence_56376,1,NPSVKPIC
sequence_65248,1,TPYTFTKDQ
sequence_1428,1,AIAEDAGAVSVM
sequence_20750,1,LKSSNRPLDDREK
sequence_56254,1,NLIQAKMDELT
sequence_6472,1,EERLSQLV
sequence_57686,1,QCICSK
sequence_20578,1,LEKKE
sequence_63704,1,SSFRISDILEQ
sequence_18776,1,ILSYNLPLELE
sequence_3335,1,ATSTSSSFHG
sequence_9121,1,GAKRYDDKDR
sequence_6597,1,EGVKDAVC
sequence_65063,1,TLGLWALRF
sequence_59717,1,RAKEIIAS
sequence_20296,1,KVAINEAIELA
sequence_4514,1,DHEATGIASKIWD
sequence_21101,1,LSASAHASQTRYALE
sequence_57043,1,PKYFTAGEVITQALP
sequence_18789,1,INFALNIQGEVHP
sequence_65062,1,TLGEVGNSEMR
sequence_66832,1,WGQLC
sequence_65316,1,TRPSDRFDV
sequence_10844,1,GHDLNLDVCSKC
sequence_8939,1,FYVNQRWL
sequence_67536,1,YPFGIDPIWNIANN
sequence_57894,1,QGLLHDRMVE
sequence_56179,1,NIPIVLCGNK
sequence_65347,1,TSEAGE
sequence_56634,1,PAQKFCQKRTTMF
sequence_60054,1,RLDNIKLICNIKAG
sequence_14530,1,GSDFFDSLLQKLQ
sequence_4242,1,DAVEGDKAKEEDSG
sequence_6925,1,ELIQD
sequence_2391,1,APVEVAPQYSWA
sequence_41486,1,MLYYPSVSRCERGLD
sequence_8743,1,FNALAGWTLIF
sequence_20552,1,LEARIAALEA
sequence_19001,1,IVAETVRVLD
sequence_18913,1,IRGATTHYD
sequence_60435,1,RTIVCP
sequence_57235,1,PQGEQSTGKIY
sequence_4990,1,DITDIKTIL
sequence_21046,1,LQWHLLDSGA
sequence_64282,1,SYAGQHIPYIAKAI
sequence_65051,1,TLAAAAFAATSE
sequence_59834,1,RFAQLPLAN
sequence_58195,1,QLRVHVRRHKGVR
sequence_64145,1,SVIRFSSNAVVLIND
sequence_18537,1,IEVVLQITV
sequence_4527,1,DHSLDYHLSQ
sequence_6093,1,DYDAIPRR
sequence_59757,1,RCVAYP
sequence_500,1,ADKDRNEIKEQL
sequence_18364,1,HPTNVGRL
sequence_14367,1,GRVGATAAVYSAAI
sequence_59967,1,RITFNIR
sequence_1623,1,AKPVVVHGGGP
sequence_63986,1,STIRRRRECES
sequence_66210,1,VKSVNT
sequence_2611,1,ARQDARTLK
sequence_18830,1,IPFGAGL
sequence_6232,1,EAEEVGLKGEKSEM
sequence_19305,1,KEITVGVAEPVR
sequence_18969,1,ISVLEDDVLTIK
sequence_4221,1,DALKPPSMYK
sequence_65957,1,VEDQTITGPLT
sequence_19887,1,KLWGLVNNAGIFS
sequence_65849,1,VALSIRHVGPTAAQ
sequence_391,1,ACIDFSNLAYFYDYY
sequence_4484,1,DGETID
sequence_21209,1,LTTRIAHFLDRHL
sequence_21098,1,LSAINP
sequence_62072,1,SLVQLEQALGVSEKD
sequence_64217,1,SVQTPSPTPENP
sequence_19743,1,KKKAI
sequence_2599,1,ARLLNLSERQV
sequence_65995,1,VEQPVFA
sequence_65015,1,TKIRKPTLDK
sequence_65875,1,VCLRVSTRTPKKP
sequence_61230,1,SGLQLLSEHLDP
sequence_63649,1,SRSHGITYS
sequence_17043,1,GSVIN
sequence_37417,1,MIRMAWHSAGTYRM
sequence_20298,1,KVARPPDFTQ
sequence_66813,1,WEEGMSEEET
sequence_2617,1,ARRAKGRKRL
sequence_66309,1,VMMVRKTVRQMAAG
sequence_55742,1,MYAAIKRYDV
sequence_20003,1,KPQNPAIDTT
sequence_8766,1,FNSLVQLEFEQGR
sequence_20415,1,KYQIKSGAQVVQIFDSWAGQ
sequence_10429,1,GFVLPCAIDYQTVIACAKRSDR
sequence_18959,1,ISQYSGKIKHWNRFRDEV
sequence_8469,1,FGPQAVAADGALDRAWMRDLVFREP
sequence_67567,1,YQFGSSVKVERVPYVKTFEDVN
sequence_21134,1,LSPILTRLMNFFVFSRGLTP
sequence_21068,1,LRLQLLTLAMTSAPTGWG
sequence_6841,1,EKIFFFKDWFFWWKLPGSPA
sequence_59723,1,RALEICRRAAEVADHRLNT
sequence_8935,1,FYDPDISISLGTLAVLCQLN
sequence_7271,1,ESEGTVGPLLKGQPRALGGTA
sequence_9835,1,GAYGVLFVHLDGARDEIDRALDYIQRQQVAVEVI
sequence_57582,1,PYKIPHMGWNELKKEGEIALWNGVEDGSFVYY
sequence_373,1,ACEGAILVVD
sequence_18525,1,IETDFPPVFDRFY
sequence_1645,1,AKVKELTTDEQRAEV
sequence_7314,1,ESSQKFFF
sequence_1278,1,AGSRTFVEE
sequence_20175,1,KSAISHRGQALKLLLDA
sequence_10648,1,GGKDSQEFIAI
sequence_8481,1,FIEERQFEGPLNV
sequence_65286,1,TRAMGRAIEDG
sequence_66290,1,VLSQRQRDE
sequence_60211,1,RQVYMYLENEISLAE
sequence_20828,1,LLTYEATQDLPLET
sequence_56686,1,PDSASNPDSDYR
sequence_20602,1,LEVSQDTVLHTFVVKSE
sequence_882,1,AELTIEGMDDKE
sequence_56135,1,NGFQESPP
sequence_56,1,AAALNPRGERYSD
sequence_20330,1,KVLYSKYAGT
sequence_8464,1,FGGTGEQLKGV
sequence_18826,1,IPEAEYDMDDVIARL
sequence_18582,1,IHDLSQYQ
sequence_21210,1,LTVYDMCKAIDRTM
sequence_2456,1,AQNKVRTGT
sequence_66017,1,VEVLERELAWLKEH
sequence_19241,1,KDELPKVMAG
sequence_21285,1,LVVGSTASSYSQRPDDQ
sequence_17503,1,GYLALLTKGLERLY
sequence_18953,1,ISNGALPLPAV
sequence_21042,1,LQTIGERMGK
sequence_58357,1,QQAFALMYGEIFTIT
sequence_20421,1,KYVLECKKSDARTIA
sequence_64883,1,TIADFVADLRAPTPSA
